CREATE DATABASE  IF NOT EXISTS `universitydb` /*!40100 DEFAULT CHARACTER SET utf8mb4 COLLATE utf8mb4_0900_ai_ci */ /*!80016 DEFAULT ENCRYPTION='N' */;
USE `universitydb`;
-- MySQL dump 10.13  Distrib 8.0.44, for Win64 (x86_64)
--
-- Host: localhost    Database: universitydb
-- ------------------------------------------------------
-- Server version	8.0.44

/*!40101 SET @OLD_CHARACTER_SET_CLIENT=@@CHARACTER_SET_CLIENT */;
/*!40101 SET @OLD_CHARACTER_SET_RESULTS=@@CHARACTER_SET_RESULTS */;
/*!40101 SET @OLD_COLLATION_CONNECTION=@@COLLATION_CONNECTION */;
/*!50503 SET NAMES utf8 */;
/*!40103 SET @OLD_TIME_ZONE=@@TIME_ZONE */;
/*!40103 SET TIME_ZONE='+00:00' */;
/*!40014 SET @OLD_UNIQUE_CHECKS=@@UNIQUE_CHECKS, UNIQUE_CHECKS=0 */;
/*!40014 SET @OLD_FOREIGN_KEY_CHECKS=@@FOREIGN_KEY_CHECKS, FOREIGN_KEY_CHECKS=0 */;
/*!40101 SET @OLD_SQL_MODE=@@SQL_MODE, SQL_MODE='NO_AUTO_VALUE_ON_ZERO' */;
/*!40111 SET @OLD_SQL_NOTES=@@SQL_NOTES, SQL_NOTES=0 */;

--
-- Table structure for table `admission_info`
--

DROP TABLE IF EXISTS `admission_info`;
/*!40101 SET @saved_cs_client     = @@character_set_client */;
/*!50503 SET character_set_client = utf8mb4 */;
CREATE TABLE `admission_info` (
  `admission_id` int NOT NULL AUTO_INCREMENT COMMENT '입시 지원 코드',
  `school_id` int NOT NULL COMMENT '학교 코드',
  `tuition` int DEFAULT NULL COMMENT '학비',
  `regular_deadline_date` date DEFAULT NULL COMMENT '정규학기 마감일자',
  `early_deadline_date` date DEFAULT NULL COMMENT '조기지원 마감일자',
  PRIMARY KEY (`admission_id`),
  KEY `fk_adm_school` (`school_id`),
  CONSTRAINT `fk_adm_school` FOREIGN KEY (`school_id`) REFERENCES `school_info` (`school_id`)
) ENGINE=InnoDB AUTO_INCREMENT=11 DEFAULT CHARSET=utf8mb4 COLLATE=utf8mb4_0900_ai_ci COMMENT='입시 정보';
/*!40101 SET character_set_client = @saved_cs_client */;

--
-- Dumping data for table `admission_info`
--

LOCK TABLES `admission_info` WRITE;
/*!40000 ALTER TABLE `admission_info` DISABLE KEYS */;
INSERT INTO `admission_info` VALUES (1,1,60000,'2026-01-01','2026-11-01'),(2,2,75384,'2026-01-10','2026-11-01'),(3,3,58316,'2026-01-05','2026-11-01'),(4,4,70170,'2026-01-01','2026-11-01'),(5,5,80739,'2026-12-01',NULL),(6,6,73024,'2026-01-05','2026-11-02'),(7,7,79881,'2026-11-30',NULL),(8,8,21546,'2026-12-01',NULL),(9,9,30000,'2026-01-01','2026-11-01'),(10,10,92000,'2026-12-01','2026-11-01');
/*!40000 ALTER TABLE `admission_info` ENABLE KEYS */;
UNLOCK TABLES;

--
-- Table structure for table `faq_info`
--

DROP TABLE IF EXISTS `faq_info`;
/*!40101 SET @saved_cs_client     = @@character_set_client */;
/*!50503 SET character_set_client = utf8mb4 */;
CREATE TABLE `faq_info` (
  `qna_id` int NOT NULL AUTO_INCREMENT COMMENT 'qna 코드',
  `school_id` int NOT NULL COMMENT '학교 코드',
  `question` text COMMENT '질문',
  `answer` text COMMENT '응답',
  `category` varchar(100) DEFAULT NULL COMMENT '질문 카테고리',
  PRIMARY KEY (`qna_id`),
  KEY `school_id` (`school_id`),
  CONSTRAINT `school_id` FOREIGN KEY (`school_id`) REFERENCES `school_info` (`school_id`)
) ENGINE=InnoDB AUTO_INCREMENT=58 DEFAULT CHARSET=utf8mb4 COLLATE=utf8mb4_0900_ai_ci COMMENT='질의응답';
/*!40101 SET character_set_client = @saved_cs_client */;

--
-- Dumping data for table `faq_info`
--

LOCK TABLES `faq_info` WRITE;
/*!40000 ALTER TABLE `faq_info` DISABLE KEYS */;
INSERT INTO `faq_info` VALUES (1,1,'What are the key deadlines for undergraduate admissions?','For undergraduate admissions at NYU, the key deadlines are as follows: Early Decision I by November 1 with decisions released by December 15, Early Decision II by January 1 with decisions released by February 15, and Regular Decision by January 5 with decisions released by April 1.','Admissions'),(2,1,'Is NYU test-optional?','Yes, NYU is test-optional through the 2026-2027 application cycle. Students can choose whether to submit standardized testing as part of their application and may only need to submit one test.','Admissions'),(3,1,'Does NYU meet 100% of demonstrated financial need?','Yes, NYU will meet 100% of demonstrated financial need for all first-time, first-year undergraduate students admitted to the New York campus.','Financial Aid'),(4,1,'What English proficiency exams does NYU accept for non-native speakers?','Non-native speakers may need to submit scores from recognized English proficiency exams taken within the last two years, such as TOEFL or IELTS.','International Applicants'),(5,1,'What is the benefit of Spring Admission at NYU?','Spring Admission allows students to start their studies in January, offering benefits like reduced first-year costs, the opportunity to take classes or gain experience during the fall, and integration into the NYU community before starting.','Spring Admissions'),(6,2,'What are the important application deadlines for USC?','USC has the following key deadlines: Early Action (most majors) is November 1, Early Decision (most majors) is also November 1, Regular Decision for performing arts majors is December 1, and Regular Decision for most majors is January 10.','Dates and Deadlines'),(7,2,'What is included in the application checklist for USC?','The application checklist for USC includes: The Common Application, optional official test scores, transcripts, a letter of recommendation, additional materials if required by your major, submission of Fall grades when available, application affirmations, and additional requirements for international students.','Admission Requirements'),(8,2,'Does USC accept home-schooled students differently?','Yes, home-schooled students applying to USC must submit answers to specific home-school questions and are encouraged to provide additional materials such as SAT/ACT scores or transcripts from accredited programs.','Application Process'),(9,2,'Does USC offer need-based financial aid to international students?','No, USC does not provide need-based financial aid for international students. All international applicants must submit financial documentation to affirm their capability to finance their education.','Financial Aid'),(10,2,'What are the English proficiency requirements for international applicants?','International applicants whose native language is not English must submit an approved English proficiency examination score, such as TOEFL or IELTS, to demonstrate their English language skills.','International Students'),(11,3,'What required items do I need to send after I submit my application, and when are they due?','After submitting your application, you must ensure that any required transcripts and test scores are sent by the specified deadlines. For early action applications, all required items must be received by November 7, and for regular decision applications, by January 11.','Applicant'),(12,3,'What percentage of applicants get admitted?','The admission rate varies from year to year, reflecting the competitiveness of the applicant pool. It\'s best to consult our class profile for up-to-date statistics.','Applicant'),(13,3,'Is the ACT or SAT optional for all first-year applicants?','Yes, the ACT and SAT are optional for first-year applicants at Illinois. However, submitting scores may enhance your application and be required for certain merit-based scholarships.','Applicant'),(14,3,'How do I check my application status in myIllini?','You can check your application status by logging into your myIllini account, where you will find updates regarding your application process.','Applicant'),(15,3,'What should I do if I have questions regarding the visa process?','For visa-related questions, please refer to the International Student Services office or check the information provided in your Notice of Admission letter.','Applicant'),(16,4,'What is Columbia looking for when evaluating students for admission? What are the criteria for admission?','Columbia reviews applications holistically, considering academic performance, personal qualities, extracurricular involvement, and potential contributions to the Columbia community.','Applying'),(17,4,'How competitive is admission to Columbia?','Admission to Columbia is highly competitive due to the large number of applicants and the university\'s prestigious reputation.','Applying'),(18,4,'Are there advisers for specific departmental majors?','Yes, Columbia provides academic advisers for each departmental major to assist students with their academic planning.','Applying'),(19,4,'Does Columbia allow students to double major?','Yes, students at Columbia are allowed to double major.','Applying'),(20,4,'What are your secondary/high school course requirements for admission?','Applicants must demonstrate a strong academic background, typically including a rigorous high school curriculum.','Applying'),(21,4,'Is there a minimum test score, class rank or GPA required for admission to Columbia?','Columbia does not set strict minimums for test scores, GPA, or class rank; all components of the application are reviewed in context.','Applying'),(22,4,'How large are Columbia\'s classes?','Columbia classes vary in size, with many graduate seminars being small, while introductory classes can have larger enrollments.','Applying'),(23,4,'Is there a maximum number of students admitted from a particular country, region or school?','No, Columbia does not impose caps on admissions from specific countries, regions, or schools.','Applying'),(24,4,'May I apply to both Columbia College and Columbia Engineering?','Yes, students may apply to both Columbia College and Columbia Engineering.','Applying'),(25,4,'When do application decisions become available?','Application decisions are released through the applicant portal; specific dates can vary annually.','Applying'),(26,4,'What if I need an application deadline extension?','Columbia generally adheres strictly to its deadlines but may process late materials under certain circumstances.','Applying'),(27,4,'How can I take advantage of everything I want to do in New York City on a student budget?','Columbia offers various resources, programs, and events that help students enjoy New York City affordably.','Applying'),(28,4,'Does Columbia grant credit for college courses and credits earned during high school?','Yes, Columbia grants credit for eligible college courses and AP credits earned during high school.','Financial Aid'),(29,4,'Are students required to live on campus? Can I seek off-campus housing?','First-year students are required to live on campus, but upperclassmen have the option to seek off-campus housing.','Financial Aid'),(30,4,'What is Columbia’s policy on admissions interviews?','Interviews are not part of the application process.','Financial Aid'),(31,4,'What are the English Proficiency Requirements for international applicants?','International applicants must demonstrate proficiency in English, which can be satisfied by standardized tests or other means.','International and Undocumented Students'),(32,4,'What is Columbia\'s policy on financial aid for international students?','Columbia meets 100% of the demonstrated need for all admitted first-year international students.','International and Undocumented Students'),(33,6,'What is Boston University’s test policy?','Boston University will adopt a test optional policy for first-year applicants applying through fall 2028/spring 2029. This policy applies to all undergraduate schools and colleges, as well as all scholarship programs, although international students must submit a TOEFL, IELTS, or Duolingo English Test for English proficiency.','application process'),(34,6,'What are the Early Decision deadlines for Boston University?','The Early Decision application deadline is November 2, with a notification date of December 15. Early Decision 2 has an application deadline of January 5 and a notification date of February 9.','admissions deadlines'),(35,6,'What is the BU Promise?','The BU Promise guarantees that Boston University will meet 100% of demonstrated financial need for all domestic first-year students without the use of loans. Students from families with incomes under $200,000 can expect financial aid support that covers full tuition and a portion of housing and dining costs.','financial aid'),(36,6,'How do I apply as a first-year student?','You must submit either the Common Application or the QuestBridge Application, along with required documents including a high school transcript, senior year grades, counselor recommendation, teacher evaluation, and optional standardized test scores.','first-year applicants'),(37,6,'What do international applicants need to submit?','International applicants are required to submit the Common Application, secondary school records, senior year grades, counselor recommendation, teacher evaluation, evidence of English proficiency, financial support documentation, and a copy of the passport.','international students'),(38,7,'What is the selection process for first-year applicants?','UC Berkeley uses a holistic review process, which means they evaluate all aspects of an application, including academics and personal experiences, without weighted emphasis on any one part.','Application Process'),(39,7,'Does UC Berkeley require standardized test scores for admission?','No, UC Berkeley is test-free and does not consider SAT/ACT scores in the admissions process; however, these scores can be used for placement or credit if submitted.','Standardized Testing'),(40,7,'What is required for international applicants?','International applicants must either require a visa to study in the U.S. or have graduated high school outside the U.S. They must also prove their English proficiency.','International Students'),(41,7,'What are the costs associated with attending UC Berkeley?','The cost of attendance includes tuition and fees, living expenses, and miscellaneous personal expenses. For non-residents, there is an additional nonresident tuition fee.','Financial Aid'),(42,7,'Are letters of recommendation required for the application?','Letters of recommendation are not required but may be submitted by invited applicants to enhance their application.','Letters of Recommendation'),(43,8,'How do I apply to UC San Diego?','You can apply to UC San Diego by submitting the University of California Application, which opens on August 1 for the following Fall term.','Admissions'),(44,8,'What majors are offered at UC San Diego?','UC San Diego offers a wide range of majors across multiple colleges; you can view the complete list of available majors on the university\'s website.','Academics & Majors'),(45,8,'How much does it cost to attend UC San Diego?','The cost of attendance varies by residency status (California resident vs. non-resident) and includes tuition, fees, living expenses, and other related costs.','Cost & Financial Aid'),(46,8,'What are A-G requirements?','A-G requirements are a series of college preparatory courses required for admission to the University of California system, ensuring that students are well-prepared for academic work at the university level.','First-Year'),(47,8,'What English proficiency tests are accepted for international students?','International students must demonstrate English proficiency through tests such as TOEFL, IELTS, or the Duolingo English Test, with minimum required scores specified by UC San Diego.','International Students'),(48,9,'What is the application process for Purdue University?','To apply to Purdue University, first-year students complete the Common Application, which includes an essay, responses to Purdue-specific questions, self-reported high school grades, and possibly SAT or ACT scores. The application must be submitted along with a fee or a fee waiver.','Admissions'),(49,9,'What are the application deadlines for Purdue University?','The application deadline for Early Action is November 1. Make sure to submit all required materials by that date.','Admissions'),(50,9,'What are the SAT/ACT requirements for Purdue University?','Purdue accepts both SAT and ACT scores without a preference. Students may report their highest scores from different test dates, and around 97% of admitted students provided a test score.','Admissions'),(51,9,'What are the English proficiency requirements for international students?','International students whose primary language is not English must demonstrate English proficiency through exams like TOEFL, IELTS, or the Duolingo English Test, meeting specific score requirements.','International Students'),(52,9,'What are the tuition and fee rates for 2025-2026?','Tuition rates vary based on the program of study and the number of credit hours. Detailed fee structures for undergraduate students can be viewed on the Bursar\'s Office website.','Tuition and Fees'),(53,10,'What is the application fee for Penn State?','The application fee for domestic students is $65 and for international students, it is $75.','application'),(54,10,'What are the Early Action and Priority Admissions deadlines?','The Early Action Deadline is November 1, and the Priority Admission Deadline is February 1.','admissions'),(55,10,'What are the minimum high school course requirements for a four-year degree at Penn State?','For a four-year degree, students must complete 4 units of English, 3 units of social studies or humanities, 3 units of science, 3 units of math (including Algebra I, Algebra II, and Geometry), and 2 units of a world language.','requirements'),(56,10,'What are the steps for international students to apply to Penn State?','International students should research programs and campuses, review admission requirements and deadlines, gather necessary documents, access the application through MyPennState or Common App, finalize details, submit the application, and check application status.','international'),(57,10,'What is the GPA range for the middle 50% of admitted students at University Park?','The middle 50% GPA for admitted students at University Park ranges from 3.63 to 3.94.','eligibility');
/*!40000 ALTER TABLE `faq_info` ENABLE KEYS */;
UNLOCK TABLES;

--
-- Table structure for table `requirement_info`
--

DROP TABLE IF EXISTS `requirement_info`;
/*!40101 SET @saved_cs_client     = @@character_set_client */;
/*!50503 SET character_set_client = utf8mb4 */;
CREATE TABLE `requirement_info` (
  `req_id` int NOT NULL AUTO_INCREMENT COMMENT '요구사항 코드',
  `school_id` int NOT NULL COMMENT '학교 코드',
  `requirement_type` varchar(100) DEFAULT NULL COMMENT '제출서류타입',
  `metric_type` varchar(100) DEFAULT NULL COMMENT '타입 별 하위 분류',
  `requirement_require` varchar(100) DEFAULT '0' COMMENT '요구 조건 여부',
  `requirement_value` text COMMENT '제출 서류 별 점수',
  `notes` text COMMENT '서류 제출 시 추가사항',
  PRIMARY KEY (`req_id`),
  KEY `fk_req_school` (`school_id`),
  CONSTRAINT `fk_req_school` FOREIGN KEY (`school_id`) REFERENCES `school_info` (`school_id`)
) ENGINE=InnoDB AUTO_INCREMENT=68 DEFAULT CHARSET=utf8mb4 COLLATE=utf8mb4_0900_ai_ci COMMENT='입시 요구사항 정보';
/*!40101 SET character_set_client = @saved_cs_client */;

--
-- Dumping data for table `requirement_info`
--

LOCK TABLES `requirement_info` WRITE;
/*!40000 ALTER TABLE `requirement_info` DISABLE KEYS */;
INSERT INTO `requirement_info` VALUES (1,1,'TOEFL','Competitive Score','Conditionally Required','100.0','No strict minimum, but this is the competitive score.'),(2,1,'IELTS','Competitive Score','Conditionally Required','7.5','No strict minimum, but this is the competitive score.'),(3,1,'Duolingo','Competitive Score','Conditionally Required','135.0','No strict minimum, but this is the competitive score.'),(4,1,'PTE','Competitive Score','Conditionally Required','70.0','No strict minimum, but this is the competitive score.'),(5,1,'Cambridge English','Competitive Score','Conditionally Required','191.0','No strict minimum, but this is the competitive score.'),(6,1,'iTEP','Competitive Score','Conditionally Required','4.5','No strict minimum, but this is the competitive score.'),(7,2,'Common Application',NULL,'Required',NULL,'Completed application form is required.'),(8,2,'Official Test Scores',NULL,'Optional',NULL,'For applicants who choose to submit test scores, they will be considered alongside other academic information.'),(9,2,'Transcripts',NULL,'Required',NULL,'Official transcripts from all secondary or senior secondary schools must be provided.'),(10,2,'Letter of Recommendation',NULL,'Required',NULL,'A letter from a recommender is required.'),(11,2,'TOEFL','Minimum Score','Conditionally Required','100.0','Minimum score of 100 on the TOEFL, with no less than 20 in each section for tests taken before January 21, 2026.'),(12,2,'IELTS','Minimum Score','Conditionally Required','7.0','Minimum score of 7 on the IELTS.'),(13,2,'C1 Advanced (Cambridge English Qualification)','Minimum Score','Conditionally Required','185.0','Overall score of 185 or above, with at least 169 on each skill.'),(14,2,'PTE','Minimum Score','Conditionally Required','68.0','Minimum score of 68 on the PTE.'),(15,2,'Duolingo','Minimum Score','Conditionally Required','130.0','Minimum score of 130 on the Duolingo English Test.'),(16,3,'ACT/SAT',NULL,'Optional',NULL,'Neither test is preferred, but they are used in decision-making.'),(17,3,'TOEFL','Competitive Score','Conditionally Required','105.0','No strict minimum, but this is the competitive score.'),(18,3,'IELTS','Competitive Score','Conditionally Required','7.5','No strict minimum, but this is the competitive score.'),(19,3,'Duolingo','Competitive Score','Conditionally Required','135.0','No strict minimum, but this is the competitive score.'),(20,4,'TOEFL','Competitive Score','Conditionally Required','100.0','No strict minimum, but this is the competitive score.'),(21,4,'IELTS','Competitive Score','Conditionally Required','7.5','No strict minimum, but this is the competitive score.'),(22,4,'Duolingo','Competitive Score','Conditionally Required','125.0','No strict minimum, but this is the competitive score.'),(23,4,'Cambridge English','Competitive Score','Conditionally Required','191.0','No strict minimum, but this is the competitive score.'),(24,4,'iTEP','Competitive Score','Conditionally Required','4.5','No strict minimum, but this is the competitive score.'),(25,4,'SAT/ACT',NULL,'Optional',NULL,'Not required but may be submitted for context.'),(26,4,'Transcript',NULL,'Required',NULL,'Official high school transcript is required.'),(27,4,'Essay',NULL,'Required',NULL,'Personal essay is required as part of the application.'),(28,5,'TOEFL','Competitive Score','Conditionally Required','100.0','A score of 100 or above on the 120-point scale is competitive, with sub-scores above 24 required.'),(29,5,'IELTS','Competitive Score','Conditionally Required','7.5','A score of 7.5 or above on the IELTS is competitive.'),(30,5,'Duolingo','Competitive Score','Conditionally Required','135.0','A score of 135 or higher on the Duolingo English Test is competitive.'),(31,5,'SAT/ACT',NULL,'Optional',NULL,'UCLA will not consider SAT or ACT scores for admission or scholarship purposes.'),(32,5,'Transcript','Quantity required','Required',NULL,'Secondary school records and official records from colleges or universities attended are required.'),(33,5,'English-as-a-Second-Language Placement Examination (ESLPE)',NULL,'Conditionally Required',NULL,'Required for admitted students whose native language is not English to assess English proficiency.'),(34,6,'Common Application',NULL,'Required',NULL,'Submitted as part of the application.'),(35,6,'High School Transcript',NULL,'Required',NULL,'Must be official copies submitted by a school official.'),(36,6,'Senior Year Grades',NULL,'Required',NULL,'Must be submitted when available according to the decision timeframe.'),(37,6,'Counselor Recommendation',NULL,'Required',NULL,'Must include the School Report form.'),(38,6,'Teacher Evaluation',NULL,'Required',NULL,'Must be submitted by a teacher.'),(39,6,'Standardized Tests',NULL,'Optional',NULL,'BU is test optional for first-year applicants until spring 2029.'),(40,6,'TOEFL','Competitive Score','Conditionally Required','90.0','If English is not the applicant\'s first language, competitive total score is 90-100, with at least 20 in each section.'),(41,6,'IELTS','Competitive Score','Conditionally Required','7.0','A total score of 7 or higher is required.'),(42,6,'Duolingo','Competitive Score','Conditionally Required','125.0','Competitive total score for the Duolingo English Test is 125-135.'),(43,7,'Transcript','Quantity required','Required',NULL,'Applicants must self-report their grades honestly and accurately.'),(44,7,'Letters of Recommendation','Quantity required','Optional','2.0','Select applicants may be invited to submit up to two letters of recommendation.'),(45,7,'TOEFL','Competitive Score','Conditionally Required','100.0','Competitive score for non-native English speakers.'),(46,7,'IELTS','Competitive Score','Conditionally Required','7.0','Overall band score is considered for non-native English speakers.'),(47,7,'Duolingo','Competitive Score','Conditionally Required','120.0','Acceptable alternative for non-native English speakers.'),(48,7,'PTE','Competitive Score','Conditionally Required','68.0','Alternative English test required for non-native speakers.'),(49,7,'Cambridge English','Competitive Score','Conditionally Required',NULL,'Scores accepted, specific scores not listed.'),(50,7,'iTEP','Competitive Score','Conditionally Required',NULL,'Scores accepted, specific scores not listed.'),(51,8,'TOEFL','Minimum Score','Conditionally Required','83.0','Minimum score required for TOEFL.'),(52,8,'IELTS','Minimum Score','Conditionally Required','7.0','Minimum score required for IELTS.'),(53,8,'Duolingo','Minimum Score','Conditionally Required','115.0','Minimum score required for Duolingo.'),(54,8,'GPA','Minimum GPA','Required','3.0','California residents must earn a GPA of 3.0 (or better) with no grade lower than \'C\'. Non-California residents must earn a GPA of 3.4 (or better) with no grade lower than \'C\'.'),(55,8,'High School Diploma','Quantity required','Required','1.0','Must have completed secondary school with a superior average in academic subjects.'),(56,9,'SAT','Minimum Score','Required','600.0','Minimum score required for the Evidence-based Reading and Writing section.'),(57,9,'ACT','Minimum Score','Required','26.0','Minimum score required on the English section.'),(58,9,'TOEFL','Minimum Score','Conditionally Required','88.0','Minimum score for exams taken before January 21, 2026.'),(59,9,'TOEFL','Minimum Score','Conditionally Required','4.5','Minimum score for exams taken on or after January 21, 2026.'),(60,9,'IELTS','Minimum Score','Conditionally Required','6.5','Minimum score required, with at least 6.0 in each section.'),(61,9,'Duolingo','Minimum Score','Conditionally Required','115.0','Generally, applicants have a 110 or higher in all individual subscores.'),(62,10,'TOEFL','Competitive Score','Conditionally Required','80.0','No strict minimum, but this is the competitive score.'),(63,10,'IELTS','Competitive Score','Conditionally Required','6.5','No strict minimum, but this is the competitive score.'),(64,10,'Duolingo','Competitive Score','Conditionally Required','105.0','No strict minimum, but this is the competitive score.'),(65,10,'PTE','Competitive Score','Conditionally Required','53.0','No strict minimum, but this is the competitive score.'),(66,10,'Cambridge English','Competitive Score','Conditionally Required','169.0','No strict minimum, but this is the competitive score.'),(67,10,'iTEP','Competitive Score','Conditionally Required','3.7','No strict minimum, but this is the competitive score.');
/*!40000 ALTER TABLE `requirement_info` ENABLE KEYS */;
UNLOCK TABLES;

--
-- Table structure for table `school_info`
--

DROP TABLE IF EXISTS `school_info`;
/*!40101 SET @saved_cs_client     = @@character_set_client */;
/*!50503 SET character_set_client = utf8mb4 */;
CREATE TABLE `school_info` (
  `school_id` int NOT NULL AUTO_INCREMENT COMMENT '학교 코드',
  `school_name` varchar(100) NOT NULL COMMENT '학교 이름',
  `country` varchar(20) NOT NULL COMMENT '나라 이름',
  `location` text NOT NULL COMMENT '대학교 주소',
  PRIMARY KEY (`school_id`)
) ENGINE=InnoDB AUTO_INCREMENT=11 DEFAULT CHARSET=utf8mb4 COLLATE=utf8mb4_0900_ai_ci COMMENT='대학교 정보';
/*!40101 SET character_set_client = @saved_cs_client */;

--
-- Dumping data for table `school_info`
--

LOCK TABLES `school_info` WRITE;
/*!40000 ALTER TABLE `school_info` DISABLE KEYS */;
INSERT INTO `school_info` VALUES (1,'New York University','USA','New York, NY'),(2,'University of Southern California','USA','Los Angeles, California'),(3,'University of Illinois Urbana-Champaign','USA','Urbana, IL 61801'),(4,'Columbia University','USA','New York, NY'),(5,'University of California, Los Angeles','USA','Los Angeles, CA'),(6,'Boston University','USA','Boston, MA'),(7,'University of California, Berkeley','USA','Berkeley, CA'),(8,'University of California, San Diego','USA','La Jolla, CA'),(9,'Purdue University','USA','West Lafayette, IN'),(10,'The Pennsylvania State University','USA','University Park, PA');
/*!40000 ALTER TABLE `school_info` ENABLE KEYS */;
UNLOCK TABLES;
/*!40103 SET TIME_ZONE=@OLD_TIME_ZONE */;

/*!40101 SET SQL_MODE=@OLD_SQL_MODE */;
/*!40014 SET FOREIGN_KEY_CHECKS=@OLD_FOREIGN_KEY_CHECKS */;
/*!40014 SET UNIQUE_CHECKS=@OLD_UNIQUE_CHECKS */;
/*!40101 SET CHARACTER_SET_CLIENT=@OLD_CHARACTER_SET_CLIENT */;
/*!40101 SET CHARACTER_SET_RESULTS=@OLD_CHARACTER_SET_RESULTS */;
/*!40101 SET COLLATION_CONNECTION=@OLD_COLLATION_CONNECTION */;
/*!40111 SET SQL_NOTES=@OLD_SQL_NOTES */;

-- Dump completed on 2026-04-08 12:24:25
